title,age_range,price,sales_num,comment_num,color_cat
乐高哈利波特系列霍格沃茨城堡71043成人收藏,适用年龄范围：16+岁,3999.00,139,511,71043 霍格沃兹城堡
乐高旗舰店Ideas系列21319中央咖啡厅老友记收藏送礼,适用年龄16岁+,699.00,454,1299,无
乐高旗舰店官网2020年新品10269 哈雷戴维森®肥仔®摩托车成人收藏,,999.00,276,509,无
乐高旗舰店官网2020年新品Ideas系列21320恐龙化石男女孩玩具礼物,,599.00,359,524,无
乐高旗舰店官网10874智能蒸汽火车遥控轨道大颗粒益智积木玩具,适用年龄范围：2-5岁,549.00,806,2884,10874蒸汽智能火车
乐高旗舰店官网幻影忍者系列 71699 雷霆突击战车,适用年龄8岁+,499.00,544,325,无
乐高旗舰店官网Ideas系列21317汽船威利玩具积木收藏送礼积木玩具,适用年龄范围 10+,899.00,214,850,无
乐高旗舰店官网2020年新品 机械组42109Top Gear拉力赛车积木玩具,适用年龄9+,1199.00,130,260,无
乐高旗舰店官网城市组太空系列60226火星探测航天飞机积木玩具,适用年龄5+,299.00,1862,3302,无
乐高旗舰店官网42093雪佛兰科尔维特ZR1跑车积木玩具汽车,适合9+岁,449.00,972,3988,无
乐高旗舰店官网得宝系列10887我的自由创意趣玩箱大颗粒玩具积木,适合1.5岁+,349.00,586,3400,无
乐高旗舰店官网经典创意系列10715乐高多轮创意拼砌盒积木玩具,适用年龄范围 4-99岁,299.00,57,1773,乐高多轮创意拼砌盒
乐高旗舰店官网3月新品76895超级赛车系列法拉利赛车积木玩具男孩,,199.00,472,363,无
乐高旗舰店官网41395友谊巴士男女孩积木玩具送礼汽车,适用年龄8+,699.00,98,206,无
乐高旗舰店官网2020年新品城市组60243直升机大追击积木玩具,适用年龄5+,299.00,259,306,无
乐高旗舰店官网好朋友系列41366奥莉薇亚的草莓蛋糕咖啡店积木,适合6+岁,299.00,605,2129,无
乐高旗舰店官网41393烘焙大赛女孩过家家积木玩具送礼,适用年龄6+,399.00,197,242,无
乐高旗舰店官网城市组60214汉堡店消防救援男女孩玩具积木送礼,适合5+岁,299.00,450,1305,无
乐高旗舰店官网2020年新品超级英雄76139 1989Batmobile™ 蝙蝠车,适用年龄12+,2099.00,87,197,无
乐高旗舰店官网积木玩具得宝系列10847数字火车大颗粒儿童玩具,适用年龄范围 1.5-3岁,199.00,632,4083,10847 数字火车
乐高10914豪华缤纷桶大颗粒益智儿童积木玩具,适用年龄1.5岁+,499.00,174,161,无
乐高旗舰店官网得宝系列10913中号缤纷桶大颗粒益智儿童积木玩具,适用年龄1.5岁+,299.00,181,258,无
乐高旗舰店官网2020年新品迪士尼系列 43178 灰姑娘的城堡庆典,适用年龄4+,299.00,115,186,无
乐高旗舰店官网3月新品76148超级英雄系列蜘蛛侠大战章鱼博士积木,,299.00,260,95,无
乐高旗舰店官网60254赛艇运输车积木男女孩玩具送礼,,299.00,99,67,无
乐高旗舰店官网幻影忍者系列71702黄金机甲 玩具积木,,399.00,161,231,无
乐高旗舰店官网幻影忍者系列70673赞的高科技直升机LEGO积木玩具,适用年龄8+,299.00,212,597,无
乐高旗舰店官网得宝系列10899冰雪奇缘城堡大颗粒益智玩具积木,适用年龄2+,499.00,331,448,无
乐高旗舰店官网2020年新品机械组42104亮橙色高速赛车积木玩具,适用年龄7+,199.00,572,430,无
乐高旗舰店官网3月新品76162超级英雄系列黑寡妇直升机追逐积木,,299.00,145,116,无
乐高旗舰店官网10875智能货运火遥控轨道车大颗粒积木玩具,适用年龄范围：2-5岁,1099.00,200,623,10875智能货运火车
乐高旗舰店官网3月新品城市组60256城市赛车积木男女孩玩具送礼,,249.00,86,61,无
乐高旗舰店官网2020年新品好朋友系列41392趣味野营女孩积木玩具,适用年龄6+,299.00,187,163,无
乐高旗舰店官网城市组60216城市消防救援队男女孩儿童玩具积木,适合6+岁,899.00,138,475,60216 城市消防救援队
乐高旗舰店官网10929梦想之家大颗粒益智儿童积木玩具,适用年龄2岁+,599.00,81,116,无
乐高旗舰店官网经典创意系列10696/10698积木玩具合集,适用年龄范围：5-99岁,349.00,125,2750,10698 经典创意大号积木盒
乐高旗舰店官网3月新品超级英雄系列76141漫威灭霸机甲积木玩具,6岁+即可玩乐,99.00,444,216,无
乐高旗舰店官网2020年新品幻影忍者 71709 杰和劳埃德的极速赛车,适用年龄7岁+,299.00,98,131,无
乐高旗舰店官网幻影忍者系列 71712 帝国疯狂神殿,适用年龄9岁+,799.00,26,43,无
乐高旗舰店官网好朋友迪士尼公主系列积木玩具女孩儿童益智送礼,,199.00-999.00,177,345,41430-夏日奇趣水上乐园
乐高旗舰店官网经典创意系列拼搭趣味套装11005LEGO,适合4+岁,399.00,94,410,11005 创意拼搭趣味套装
乐高旗舰店官网幻影忍者系列70676劳埃德的泰坦机甲LEGO玩具积木,适用年龄9+,799.00,250,505,无
乐高旗舰店官网经典创意10696经典创意中号积木盒LEGO积木玩具,适用年龄范围 4-99岁,349.00,507,149,经典创意中号积木盒
乐高旗舰店官网得宝系列大颗粒儿童玩具益智启蒙拼搭男孩女孩送礼,,199.00-1099.00,111,1902,10887-我的自由创意趣玩箱
乐高旗舰店官网3月新品得宝系列10921超级英雄实验室大颗粒益智,,299.00,134,57,无
乐高旗舰店官网2020年新品60246 乐高城市警局 积木,适用年龄6+,899.00,36,57,无
乐高旗舰店官网42110路虎卫士越野车玩具积木积木玩具,适用年龄11+,1999.00,116,300,无
乐高旗舰店官网2020年新品得宝系列10909心形创意积木盒大颗粒,适用年龄1.5岁+,199.00,163,225,无
乐高旗舰店官网得宝系列2304得宝创意拼砌板大颗粒益智儿童积木,适用年龄范围 2-5岁,139.00,125,1964,2304 得宝创意拼砌板
乐高旗舰店官网城市组60244警用直升机运输车,适用年龄5+,449.00,62,150,无
乐高旗舰店官网幻影忍者系列71711杰的二次元神龙,适用年龄8岁+,499.00,40,76,无
乐高旗舰店官网机械组 42108 移动式起重机 积木玩具,适用年龄10+,999.00,37,52,无
乐高旗舰店官网3月新品超级赛车系列76897奥迪S1赛车积木男孩玩具,7岁+即可玩乐,199.00,70,84,无
乐高旗舰店官网机械组42100利勃海尔挖掘机成人送礼收藏高难度,适用年龄12+,3799.00,28,57,无
【会员专享】乐高旗舰店官网城市组太空60229火箭装载与运输中心,适用年龄7+,1199.00,179,203,无
乐高旗舰店官网75947海格小屋-营救巴克比克,适用年龄范围 8+,649.00,77,109,无
乐高旗舰店官网76143复仇者联盟大战武装卡车积木玩具,,399.00,68,46,无
乐高旗舰店官网31105城镇玩具店积木玩具,,449.00,138,70,无
乐高旗舰店官网3月新品城市组60257车辆服务站积木男女孩玩具送礼,,499.00,81,42,无
乐高旗舰店官网得宝系列10915字母卡车大颗粒益智儿童积木玩具,适用年龄1.5+,299.00,96,114,无
乐高旗舰店官网3月新品城市组60251巨轮越野车积木男女孩玩具礼物,5岁+即可玩乐,99.00,117,51,无
乐高旗舰店官网3月新品城市组60267狩猎越野车积木男女孩玩具送礼,5岁+即可玩乐,199.00,39,20,无
乐高旗舰店官网3月新品创意百变系列三合一31104巨轮汉堡车积木,8岁+即可玩乐,549.00,19,10,无
乐高旗舰店官网得宝系列10863我的创意动物大巡游大颗粒益智玩具,适用年龄范围 1.5-3岁,299.00,154,666,10863我的创意动物大巡游
乐高旗舰店官网得宝系列10597米奇和米妮的生日派对LEGO大颗粒,适用年龄范围 2-5岁,299.00,26,1035,10597 米奇和米妮的生日派对
乐高旗舰店官网 LEGO积木 儿童玩具男孩 积木拼装玩具益智,,99.00-899.00,217,2278,60215-城市消防局
乐高旗舰店官网2020年新品机械组 42103 亮绿色改装赛车 积木玩具,适用年龄7+,199.00,172,94,无
乐高旗舰店官网新品得宝系列10910潜艇大冒险大颗粒益智儿童积木,适用年龄范围 2+,199.00,28,169,无
乐高旗舰店官42105漂浮双体船积木男女孩玩具,,399.00,5,79,无
乐高旗舰店官网3月新品创意百变系列三合一31102喷火龙积木玩具,7岁+即可玩乐,229.00,111,47,无
乐高旗舰店官网机械组赛车拼装积木玩具成年高难度送礼收藏车模,,99.00-3799.00,91,1681,42093-Chevrolet Corvette ZR1 跑车
乐高旗舰店官网城市组太空系列60230航天小人仔套装男孩积木玩具,适用年龄5+,449.00,115,119,无
乐高旗舰店官网城市组60245巨轮越野车大劫案男女孩积木玩具送礼,适用年龄5+,499.00,17,34,无
乐高旗舰店官网机械组42082复杂地形起重机成人送礼收藏高难度,适用年龄范围：11岁+,2199.00,16,83,复杂地形起重机
乐高旗舰店官网2020年新品益智拼搭积木男女孩益智玩具送礼收藏,,299.00-2499.00,42,194,10270-书店
乐高旗舰店官网3月新品超级英雄系列76149神秘客的威胁积木玩具,,349.00,23,5,无
乐高旗舰店官网星球大战系列75255尤达大师积木玩具,适用年龄10+,1099.00,22,24,无
乐高旗舰店官网城市组60139移动指挥中心儿童男孩益智积木玩具,适用年龄范围 6-12岁,399.00,648,6178,60139 移动指挥中心
乐高旗舰店官网超级英雄系列76144复仇者联盟直升机-空降浩克,适用年龄8+岁,599.00,0,26,无
乐高旗舰店官网2020年新品幻影忍者系列71707 凯的机甲喷气式飞机,适用年龄7岁+,199.00,96,121,无
乐高旗舰店官网Friends 斯蒂芬妮的马术大赛 41367 LEGO玩具积木,适合6+岁,449.00,9,7,无
乐高旗舰店官网科技组MINDSTORMS 31313 EV3第三代机器人积木玩具,适用年龄范围 10岁+,4699.00,5,21,EV3第三代机器人
乐高旗舰店官网Ideas系列21318树屋玩具积木成人收藏送礼,适应年龄16+,1699.00,177,491,无
【会员专享】乐高旗舰店官网机械组42110路虎卫士越野车,适用年龄11+,1999.00,1,34,无
乐高旗舰店官网大电影甜美梅亨的西斯塔太空船70830LEGO玩具积木,适用年龄范围：9+岁,749.00,4,14,70830 甜美梅亨的西斯塔太空船
【会员专享】乐高迪士尼公主系列43172艾莎的魔法冰雪城堡,适用年龄6+岁,799.00,56,49,无
乐高旗舰店官网守望先锋系列75975监测站直布陀罗LEGO,适合年龄9岁+,899.00,4,43,75975监测站直布陀罗
乐高旗舰店官网2020年新品88008中位电机 玩具积木,适用年龄7岁+,169.00,14,4,无
乐高旗舰店21319中央咖啡厅老友记收藏送礼,,699.00,225,200,无
乐高旗舰店官网21318树屋玩具积木成人送礼,适应年龄16+,1699.00,397,185,无
乐高哈利波特系列霍格沃茨城堡71043成人收藏,适用年龄范围：16+岁,3999.00,139,511,71043 霍格沃兹城堡
乐高旗舰店Ideas系列21319中央咖啡厅老友记收藏送礼,适用年龄16岁+,699.00,454,1299,无
乐高旗舰店官网2020年新品10269 哈雷戴维森®肥仔®摩托车成人收藏,,999.00,267,509,无
乐高旗舰店官网2020年新品Ideas系列21320恐龙化石男女孩玩具礼物,,599.00,358,524,无
乐高旗舰店官网10874智能蒸汽火车遥控轨道大颗粒益智积木玩具,适用年龄范围：2-5岁,549.00,807,2884,10874蒸汽智能火车
乐高旗舰店官网幻影忍者系列 71699 雷霆突击战车,适用年龄8岁+,499.00,545,325,无
乐高旗舰店官网Ideas系列21317汽船威利玩具积木收藏送礼积木玩具,适用年龄范围 10+,899.00,214,850,无
乐高旗舰店官网2020年新品 机械组42109Top Gear拉力赛车积木玩具,适用年龄9+,1199.00,130,260,无
乐高旗舰店官网大电影系列70837Shimmer&Shine闪亮水疗馆玩具积木,适用年龄范围7+岁,799.00,2,5,无
乐高60215消防局男女孩儿童益智玩具积木送礼,适合5+岁,549.00,1,11,无
乐高旗舰店官网42093雪佛兰科尔维特ZR1跑车,适合9+岁,449.00,1,296,42093 ZR1跑车
乐高旗舰店官网幻影忍者系列70668雷电忍者杰的暴风战机玩具积木,,449.00,5,276,无
乐高旗舰店官网得宝系列10887我的自由创意趣玩箱,适合1.5岁+,349.00,1026,1397,无
乐高旗舰店官网城市组60226火星探测航天飞机,适用年龄5+岁,299.00,2424,273,无
乐高旗舰店官网3月新品超级赛车76895+76896+76897+76898+76899,,1595.00,17,15,无
乐高旗舰店好朋友41366奥莉薇亚的草莓蛋糕咖啡店,适合6+岁,299.00,1117,874,无
乐高旗舰店官网Ideas系列21320恐龙化石男女孩玩具礼物,适用年龄16岁+,599.00,268,79,无
乐高旗舰店官网超级赛车系列76899兰博基尼男孩玩具送礼,,599.00,160,25,无
乐高旗舰店官网10269哈雷戴维森®肥仔®摩托车,适用年龄范围：16+岁,999.00,142,1228,无
乐高旗舰店官网10266NASA阿波罗11号登月舱成人收藏,适用年龄16+,999.00,79,32,无
乐高旗舰店官网10874智能蒸汽火车遥控轨道大颗粒益智积木玩具,10874智能蒸汽火车,549.00,2,5,无
乐高旗舰店官网3月新品Classic系列11010白色底板积木玩具,4岁+即可玩乐,99.00,36,8,无
乐高旗舰店2020年新品42109Top Gear拉力赛车,适用年龄9+,1199.00,63,24,无
乐高旗舰店官网机械组42099RCX-treme遥控越野车玩具积木车模送礼,适用年龄11+,1999.00,0,5,无
乐高旗舰店官网41395友谊巴士男女孩积木玩具送礼汽车,适用年龄8+,699.00,470,65,无
乐高经典创意系列10698经典创意大号积木盒积木玩具,适用年龄范围 4-99岁,499.00,1,433,无
乐高幻影忍者系列70676劳埃德的泰坦机甲,适用年龄9+,799.00,8,10,无
乐高旗舰店官网2020年1月新品88007色彩与距离传感器玩具积木,适用年龄7岁+,139.00,5,2,无
乐高超级英雄系列76125钢铁侠机甲陈列室—VIP,,649.00,45,5,无
乐高旗舰店官网10915字母卡车大颗粒益智儿童积木玩具,适用年龄1.5+岁,299.00,141,166,无
乐高旗舰店官网机械组42095遥控特技赛车儿童玩具积木送礼收藏,适合9+岁,799.00,0,100,无
乐高旗舰店官网机械组42110路虎卫士越野车,适用年龄11+,1999.00,92,92,无
乐高旗舰店官网城市组60139移动指挥中心积木玩具,适用年龄范围 6-12岁,399.00,850,1755,60139
乐高旗舰店幻影忍者系列70676劳埃德的泰坦机甲积木,适用年龄范围9+岁,799.00,853,307,无
乐高旗舰店官网75954霍格沃茨城堡玩具积木成人收藏,适用年龄范围：9-14岁,1199.00,240,184,75954 霍格沃兹城堡
乐高2020年新品建筑系列21051东京天际线积木,适用年龄16+,599.00,29,29,无
乐高旗舰店官网幻影忍者系列 71699 雷霆突击战车,适用年龄8岁+,499.00,82,18,无
乐高2020年新品幻影忍者系列71702黄金机甲,,399.00,330,52,无
乐高60215消防局男女孩儿童益智玩具积木送礼,适合5+岁,549.00,1813,785,60215 城市消防局
乐高2020年新品城市组60244警用直升机运输车,适用年龄5+,449.00,205,23,无
乐高旗舰店官网2020年新品 好朋友系列 41391 心湖城美发沙龙,适用年龄6+,199.00,60,67,无
乐高旗舰店官网10929梦想之家大颗粒益智儿童积木玩具,适用年龄2岁+,599.00,71,14,无
乐高旗舰店官网10914豪华缤纷桶大颗粒益智儿童积木玩具,适用年龄1.5岁+,499.00,194,14,无
乐高旗舰店官网机械组42110路虎卫士越野车玩具积木,适用年龄11+,1999.00,42,5,无
乐高旗舰店官网10875智能货运火车遥控轨道,适用年龄范围：2-5岁,1099.00,100,10,10875
乐高旗舰店官网42096保时捷911RSR赛车成人送礼收藏车模,适合10+岁,1399.00,2750,1180,42096 911 RSR赛车
乐高旗舰店幻影忍者系列70668雷电忍者杰的暴风战机,,449.00,577,92,无
乐高旗舰店官网42100利勃海尔挖掘机成人送礼收藏高难度,适用年龄12+,3799.00,58,18,无
乐高旗舰店官网4月新品创意百变高手系列10270书店玩具积木,适用年龄 16+岁,1499.00,67,22,无
乐高旗舰店官网4月新品星球大战系列75272西斯TIE 战斗机玩具积木,适用年纪9+岁,749.00,10,2,无
乐高旗舰店官网3月新品城市组60256城市赛车积木男女孩玩具送礼,,249.00,73,14,无
乐高旗舰店官网10863我的创意动物大巡游大颗粒益智玩具,适用年龄范围 1.5-3岁,299.00,42,6,10863我的创意动物大巡游
乐高旗舰店官网幻影忍者系列70673赞的高科技直升机,适用年龄8+岁,299.00,399,21,无
乐高旗舰店官网机械组42098汽车运输车成人玩具积木,适用年龄11+,1399.00,12,5,无
乐高旗舰店官网10874智能蒸汽火车遥控轨道积木玩具,,549.00,1565,1240,10874
乐高旗舰店官网超级英雄系列76125钢铁侠机甲陈列室,,649.00,0,302,无
乐高旗舰店官网10903消防局出动大颗粒益智儿童积木玩具,适合2+岁,449.00,170,132,无
乐高旗舰店官网得宝系列10903消防局出动大颗粒益智儿童积木玩具,适合2+岁,449.00,0,2,无
乐高旗舰店官网3月新品得宝系列10920艾莎和雪宝的下午茶,2岁+即可玩乐,199.00,56,1,无
乐高42099RCX-treme遥控越野车玩具积木车模送礼,适用年龄11+,1999.00,80,40,无
乐高旗舰店城市组60197客运火车遥控轨道车益智拼搭,适用年龄范围：6-12岁,1199.00,0,50,60197 客运火车
乐高旗舰店官网经典创意系列10696,适用年龄范围 4-99岁,349.00,20,8011,10696 经典创意中号积木盒
新品乐高经典创意10692乐高经典创意小号积木盒LEGO,,169.00,79,3,无
乐高经典创意 10698 经典创意大号积木盒 LEGO Classic 积木玩具,适用年龄范围 4-99岁,499.00,143,457,10698经典创意大号积木盒
乐高积木玩具 10847 数字火车 大颗粒益智儿童拼装玩具,适用年龄范围 1.5-3岁,199.00,666,74,10847数字火车
【会员专享】乐高经典创意系列 10698经典创意大号积木盒,适用年龄范围 4-99岁,548.00,0,0,无
乐高旗舰店官网创意百变高手系列 10258伦敦巴士积木玩具,适用年龄范围：16+岁,1099.00,36,73,10258
乐高旗舰店官网好朋友系列41393烘焙大赛女孩过家家积木玩具送礼,适用年龄范围 6+岁,399.00,584,2606,无
乐高旗舰店官网2020年新品 75936 侏罗纪公园：暴走霸王龙,适用年龄范围：16+岁,2099.00,3,146,无
乐高旗舰店官网经典创意系列10715乐高多轮创意拼砌盒积木玩具,适用年龄范围 4-99+岁,299.00,120,234,乐高多轮创意拼砌盒
【会员专享】乐高旗舰店官网幻影忍者系列 71711杰的二次元神龙,适用年龄范围：8+岁,499.00,0,1360,无
乐高旗舰店官网75192豪华千年隼积木成人收藏高难度,适用年龄范围：16岁+,7399.00,13,3,75192 豪华千年隼
乐高旗舰店官网17101智能机器人5合1积木玩具玩具积木,适用年龄范围 7-12岁,1699.00,9,180,无
乐高旗舰店官网哈利波特系列75954霍格沃茨城堡玩具积木成人收藏,适用年龄范围：9-14岁,1199.00,0,445,霍格沃兹城堡
乐高旗舰店官网建筑系列21034伦敦LEGO成人积木玩具收藏送礼,适用年龄范围 12岁+,449.00,0,129,21034 伦敦
乐高旗舰店官网经典创意系列 10714 蓝色底板Classic 积木玩具,适用年龄范围 4-99+岁,99.00,12,1,10714 蓝色底板
乐高旗舰店官网得宝系列2304得宝创意拼砌板大颗粒益智儿童积木,适用年龄范围 2-5岁,139.00,72,65,无
乐高旗舰店官网BOOST17101五合一智能机器人LEGO儿童编程积木玩具,适用年龄范围 7-12岁,1699.00,0,43,17101  5合1智能机器人
【会员专享】乐高旗舰店官网城市组60197客运火车遥控轨道车益智,适用年龄范围：6-12岁,1199.00,11,24,60197
乐高旗舰店官网大电影70824瓦特弗拉·瓦纳比女王的隆重介绍积木,适用年龄范围：6+岁,229.00,0,15,无
乐高旗舰店官网建筑系列21039上海天际线成人积木玩具收藏送礼,适用年龄范围：12岁+,649.00,0,3,无
【会员专享】乐高旗舰店官网BOOST17101五合一智能机器人儿童编程,适用年龄范围 7-12岁,1699.00,0,2,无
乐高旗舰店官网42093雪佛兰科尔维特ZR1跑车积木玩具汽车,,449.00,1755,1248,无
【会员专享】乐高旗舰店官网超级英雄系列76125钢铁侠机甲陈列室,,649.00,0,25,无
乐高旗舰店官网 超级英雄系列复仇者联盟基地大决战76131LEGO积木,,1099.00,10,0,无
乐高旗舰店官网 超级英雄系列美国队长决战Outrider军团76123LEGO,,269.00,47,5,无
乐高旗舰店官网霍格沃茨城堡71043积木玩具成人收藏,适用年龄范围：16+岁,3999.00,63,25,无
乐高旗舰店官网60216城市消防救援队男女孩儿童玩具积木,适合6+岁,899.00,212,38,无
乐高旗舰店官网创意百变高手系列 10265福特野马玩具积木,,1199.00,25,11,无
乐高旗舰店官网城市组60216城市消防救援队男女孩儿童玩具积木,适用年龄范围6+岁,899.00,0,100,无
乐高旗舰店官网积木玩具创意百变高手系列10258伦敦巴士,适用年龄范围 16+岁,1259.00,0,14,10258 伦敦巴士
乐高旗舰店官网建筑系列 21042 自由女神像,适用年龄范围：16+岁,1199.00,11,1,自由女神像
乐高旗舰店官网创意百变高手系列10252大众甲壳虫汽车,适用年龄范围 16岁+,999.00,5,2,无
乐高旗舰店官网城市组太空系列60230航天小人仔套装男孩积木玩具,适用年龄5+岁,449.00,58,3,无
乐高旗舰店城市组太空60228深空火箭发射控制中心,适用年龄7+岁,899.00,128,105,无
乐高旗舰店官网 ideas系列 21316 摩登原始人 LEGO 玩具积木,适用年龄范围10+岁,699.00,3,0,无
【会员专享】乐高旗舰店官网得宝系列10903消防局出动大颗粒益智,适合2+岁,449.00,15,23,无
乐高旗舰店官网太空系列60227月球空间站男女孩积木玩具,适用年龄6+岁,549.00,291,165,无
乐高哈利波特系列霍格沃茨城堡71043成人收藏,适用年龄范围：16+岁,3999.00,139,511,71043 霍格沃兹城堡
乐高旗舰店Ideas系列21319中央咖啡厅老友记收藏送礼,适用年龄16岁+,699.00,454,1299,无
乐高旗舰店官网2020年新品10269 哈雷戴维森®肥仔®摩托车成人收藏,,999.00,267,509,无
乐高旗舰店官网2020年新品Ideas系列21320恐龙化石男女孩玩具礼物,,599.00,358,524,无
乐高旗舰店官网10874智能蒸汽火车遥控轨道大颗粒益智积木玩具,适用年龄范围：2-5岁,549.00,807,2884,10874蒸汽智能火车
乐高旗舰店官网幻影忍者系列 71699 雷霆突击战车,适用年龄8岁+,499.00,546,325,无
乐高旗舰店官网Ideas系列21317汽船威利玩具积木收藏送礼积木玩具,适用年龄范围 10+,899.00,214,850,无
乐高旗舰店官网2020年新品 机械组42109Top Gear拉力赛车积木玩具,适用年龄9+,1199.00,130,260,无
乐高旗舰店官网幻影忍者系列70675凯的武士刀战车玩具积木,适用年龄8+岁,549.00,54,1,无
乐高旗舰店官网新品得宝系列10910潜艇大冒险大颗粒益智儿童积木,适用年龄范围 2+,199.00,73,1,无
乐高旗舰店官网新品侏罗纪世界系列 75934双脊龙大逃亡玩具,适用年龄范围 6+,269.00,8,0,无
乐高新品侏罗纪世界系列75938霸王龙大战机甲恐龙,适用年龄范围 8+,999.00,21,10,无
乐高旗舰店官网Ideas系列21317汽船威利玩具积木收藏送礼,适用年龄范围 10+,899.00,87,101,无
乐高旗舰店官网新品创意百变系列三合一31095游乐场旋转木马积木,适用年龄范围 8+,549.00,15,0,无
乐高旗舰店官网创意百变高手系列10261大型过山车积木成人送礼,适用年龄范围：16+岁,2999.00,14,5,无
乐高迪士尼公主系列43172艾莎的魔法冰雪城堡积木玩具,适用年龄6+岁,799.00,880,153,无
乐高旗舰店官网新品星球大战系列75244坦地夫四号飞船玩具积木,适用年龄12+,1999.00,2,0,无
乐高旗舰店官网机械组42083Bugatti积木玩具收藏,适用年龄范围 16岁+,3499.00,140,11,无
乐高旗舰店官网得宝系列10899冰雪奇缘城堡大颗粒益智玩具积木,适用年龄2+,499.00,410,12,无
乐高旗舰店官网城市组60197客运火车遥控轨道车儿童益智拼搭积木,适用年龄范围：6-12岁,1199.00,47,4,60197
乐高旗舰店官网新品得宝系列10907环球动物大颗粒益智儿童积木,适用年龄范围 2+,899.00,5,6,无
乐高旗舰店官网星球大战系列75256凯洛·伦的穿梭机积木玩具,适用年龄10+,1299.00,28,13,无
乐高旗舰店官网迪士尼系列 41168 艾莎的创意珠宝盒 玩具积木,适用年龄6+,449.00,0,0,无
乐高旗舰店官网75810怪奇物语-颠倒世界LEGO积木玩具成人收藏送礼,适用年龄16+,1999.00,2,0,无
【会员专享】乐高旗舰店官网迪士尼系列41167阿伦戴尔城堡村庄,适用年龄5+,899.00,13,9,无
乐高旗舰店官网幻影忍者系列70676劳埃德的泰坦机甲LEGO玩具积木,适用年龄9+,799.00,3,15,无
【会员专享】乐高旗舰店官网机械组42100利勃海尔挖掘机送礼收藏,,3799.00,2,14,无
【会员专享】乐高旗舰店官网机械组42098汽车运输车成人玩具积木,,1399.00,0,14,无
乐高旗舰店官网迪士尼系列41169雪宝玩具积木,适用年龄6+,149.00,53,11,无
乐高旗舰店官网迪士尼公主41167阿伦戴尔城堡村庄,适用年龄5+,899.00,173,11,无
乐高旗舰店官网创意百变高手系列10220大众T1野营车积木,,999.00,14,61,无
乐高旗舰店官网迪士尼公主系列43172艾莎的魔法冰雪城堡积木玩具,适用年龄6+岁,799.00,0,227,无
乐高旗舰店官网迪士尼系列41165安娜的独木舟探险玩具,适用年龄4+,229.00,55,12,无
乐高旗舰店官网42096保时捷911RSR赛车成人送礼收藏车模,适合10+岁,1399.00,1068,1104,无
乐高旗舰店官网新品得宝系列10899冰雪奇缘城堡,适用年龄2+,499.00,0,15,无
乐高旗舰店官网赛车系列75892迈凯伦塞纳LEGO玩具积木汽车模型,,169.00,304,56,无
乐高旗舰店官网2020年新品 80104 舞狮 积木玩具收藏,适用年龄8+岁,699.00,32,19,无
乐高旗舰店官网2020年新品76139 1989Batmobile™ 蝙蝠车,适用年龄范围 7+,2099.00,59,47,无
乐高旗舰店官网2020年新品迪士尼系列 43178 灰姑娘的城堡庆典,适用年龄4+,299.00,147,5,无
乐高旗舰店官网2020年新品城市组60242警察公路大追捕 积木玩具,适用年龄5+,199.00,77,2,无
乐高旗舰店官网2020年41392趣味野营女孩积木玩具,适用年龄6+,299.00,170,14,无
乐高旗舰店官网2020年新品机械组42105漂浮双体船积木男女孩玩具,适用年龄8岁+,399.00,174,13,无
乐高旗舰店官网2020年新品机械组 42101 沙滩越野车 积木玩具,适用年龄7+,99.00,116,4,无
乐高旗舰店官网2020年新品迪士尼系列 43177 贝儿的故事书大冒险,适用年龄5+,199.00,35,1,无
乐高旗舰店官网2020年新品 好朋友系列 41391 心湖城美发沙龙,适用年龄6+,199.00,150,4,无
乐高60215城市消防局+乐高60243警用直升机大追击,,848.00,32,28,无
乐高旗舰店官网2020年新品得宝系列10909心形创意积木盒大颗粒,适用年龄1.5岁+,199.00,104,5,无
乐高旗舰店官网2020年新品幻影忍者系列 71701 凯的火焰神龙,适用年龄4岁+,199.00,51,3,无
乐高旗舰店官网星球大战系列 75252 帝国歼星舰高难度,适用年龄16岁+,6659.00,5,1,无
【会员专享】乐高旗舰店官网2020年新品机械组42108 移动式起重机,适用年龄10+,999.00,47,8,无
乐高旗舰店官网城市组60243警用直升机大追击积木玩具,适用年龄5+,299.00,561,30,无
乐高旗舰店官网套装10915字母卡车+10847数字火车,,498.00,8,9,无
乐高旗舰店官网2020年新品创意百变高手系列 10267姜饼屋玩具积木,,999.00,22,1,无
乐高旗舰店官网2020年新品得宝系列 10917 消防车 玩具积木,适用年龄1.5+,49.00,34,1,无
乐高旗舰店官网10913中号缤纷桶大颗粒益智儿童积木玩具,适用年龄1.5岁+,299.00,158,8,无
乐高旗舰店官网2020年新品机械组42104亮橙色高速赛车积木玩具,适用年龄7+,199.00,225,7,无
乐高旗舰店官网2020年新品机械组 42103 亮绿色改装赛车 积木玩具,适用年龄7+,199.00,96,2,无
乐高旗舰店官网2020年新品城市组 60246 乐高城市警局 积木玩具,适用年龄6+,899.00,59,2,无
乐高旗舰店官网2020年新品迪士尼系列43176爱丽儿的故事书大冒险,适用年龄5+,199.00,43,2,无
乐高旗舰店官网60245巨轮越野车大劫案男女孩积木送礼,适用年龄5+,499.00,21,2,无
乐高旗舰店官网2020年新品21157乐高®我的世界®大人仔猪和僵尸,适用年龄7岁+,169.00,20,0,无
乐高旗舰店官网2020年新品幻影忍者系列71713帝国神龙 玩具积木,适用年龄8岁+,329.00,54,3,无
乐高旗舰店官网2020年新品幻影忍者系列71700丛林冲锋车 玩具积木,适用年龄7岁+,99.00,90,4,无
【预售】乐高旗舰店官网21319中央咖啡厅积木玩具老友记收藏送礼,适用年龄16岁+,869.00,无,18,无
乐高旗舰店官网2020年新品88009集线器 玩具积木,适用年龄7岁+,529.00,6,0,无
乐高旗舰店官网好朋友系列41431心湖城积木盒男女孩积木玩具送礼,适用年龄5岁+,399.00,35,6,无
乐高旗舰店官网2020年新品 21156 我的世界®大人仔爬行者和豹猫,适用年龄7岁+,169.00,15,2,无
乐高旗舰店官网得宝系列10928萌宠甜品站大颗粒益智儿童积木玩具,适用年龄2岁+,399.00,12,2,无
乐高旗舰店官网2020年新品幻影忍者系列 71711 杰的二次元神龙,适用年龄8岁+,499.00,73,5,无
乐高旗舰店官网2020年新品幻影忍者系列 71712 帝国疯狂神殿,适用年龄9岁+,799.00,48,0,无
乐高旗舰店官网2020年新品幻影忍者系列 71710 忍者改装赛车,适用年龄8岁+,399.00,26,0,无
乐高旗舰店官网2020年新品幻影忍者系列 71716 劳埃德的街机,适用年龄7岁+,99.00,14,1,无
乐高旗舰店官网2020年新品幻影忍者 71709 杰和劳埃德的极速赛车,适用年龄7岁+,299.00,75,4,无
乐高旗舰店官网2020年新品88006移动集线器 玩具积木,适用年龄7,859.00,1,0,无
乐高旗舰店官网城市组太空系列60227月球空间站男女孩积木玩具,适用年龄6+,549.00,0,11,无
乐高旗舰店官网城市组太空系列60229火箭装载与运输中心积木玩具,适用年龄7+,1199.00,0,7,无
乐高旗舰店官网4月新品小人仔系列71027第20季小人仔抽抽乐,适用年纪5+岁,39.00,487,34,无
乐高旗舰店官网4月新品星球大战系列75277波巴·费特头盔积木玩具,适用年纪18+岁,599.00,88,35,无
乐高旗舰店官网4月新品星球大战系列75276冲锋队员头盔积木玩具,适用年纪18+岁,599.00,105,14,无
乐高旗舰店官网4月新品超级英雄系列76157神奇女侠对战豹女积木,适用年纪8+岁,399.00,7,2,无
乐高旗舰店官网4月新品星球大战系列75272西斯TIE 战斗机玩具积木,适用年纪9+岁,749.00,0,0,无
乐高旗舰店官网4月新品星球大战系列75278D-O™机器人积木玩具,适用年纪10+岁,699.00,24,8,无
乐高旗舰店官网4月新品机械组42111Dom'sDodgeCharger道奇Charger,适用年纪 10+岁,999.00,138,39,无
乐高旗舰店官网4月新品创意百变高手系列10270书店积木,适用年龄 16+岁,1499.00,82,17,无
乐高旗舰店官网5月新品悟空小侠系列80009猪大厨移动钉耙车玩具,适用年纪8+岁,599.00,58,2,无
乐高旗舰店官网5月新品悟空小侠系列80007魔王暗黑机甲玩具积木,适用年纪7+岁,449.00,209,17,无
乐高旗舰店官网5月新品10272曼联球场玩具积木收藏,适用年纪16+岁,2499.00,62,9,无
乐高旗舰店官网5月新品悟空小侠系列80011红孩儿邪火战车玩具积木,适用年纪9+岁,999.00,82,19,无
乐高旗舰店官网5月新品悟空小侠系列80013万能海上基地玩具积木,适用年纪10+岁,1599.00,158,20,无
乐高旗舰店官网悟空小侠系列80012孙悟空齐天大圣黄金机甲,适用年龄10+岁,1299.00,237,17,无
乐高旗舰店官网4月新品75276冲锋队员头盔积木玩具,适用年纪18+岁,599.00,227,86,无
乐高旗舰店官网5月新品10272曼联球场玩具积木收藏,适用年纪16+岁,2499.00,58,12,无
乐高4月新品小黄人系列75549无法阻挡的摩托车追击,,199.00,172,25,无
乐高旗舰店官网42111Dom'sDodgeCharger道奇Charger,适用年纪 10+岁,999.00,149,33,无
乐高旗舰店官网4月新品星球大战系列75277波巴·费特头盔积木玩具,适用年纪18+岁,599.00,3,0,无
乐高旗舰店官网5月新品悟空小侠系列80010牛魔王烈火机甲玩具,适用年纪9+岁,799.00,268,45,无
乐高旗舰店官网5月新品悟空小侠系列80013万能海上基地玩具积木,适用年纪10+岁,1599.00,2,0,无
乐高旗舰店官网5月新品悟空小侠系列80007魔王暗黑机甲玩具积木,适用年纪7+岁,489.00,0,0,无
乐高哈利波特系列霍格沃茨城堡71043成人收藏,适用年龄范围：16+岁,3999.00,134,511,71043 霍格沃兹城堡
乐高旗舰店Ideas系列21319中央咖啡厅老友记收藏送礼,适用年龄16岁+,699.00,451,1299,无
乐高旗舰店官网2020年新品10269 哈雷戴维森®肥仔®摩托车成人收藏,,999.00,267,509,无
乐高旗舰店官网2020年新品Ideas系列21320恐龙化石男女孩玩具礼物,,599.00,358,524,无
乐高旗舰店官网10874智能蒸汽火车遥控轨道大颗粒益智积木玩具,适用年龄范围：2-5岁,549.00,807,2884,10874蒸汽智能火车
乐高旗舰店官网幻影忍者系列 71699 雷霆突击战车,适用年龄8岁+,499.00,548,325,无
乐高旗舰店官网Ideas系列21317汽船威利玩具积木收藏送礼积木玩具,适用年龄范围 10+,899.00,214,850,无
乐高旗舰店官网2020年新品 机械组42109Top Gear拉力赛车积木玩具,适用年龄9+,1199.00,130,260,无
乐高旗舰店官网5月新品悟空小侠系列80010牛魔王烈火机甲玩具,适用年纪9+岁,799.00,17,3,无
乐高4月新品超级英雄系列76157神奇女侠对战豹女积木,适用年纪8+岁,399.00,5,3,无
乐高5月新品悟空小侠系列80008悟空小侠云霄战机孙悟空齐天大圣,适用年纪8+岁,499.00,2453,329,无
乐高5月新品悟空小侠系列80008悟空小侠云霄战机孙悟空齐天大圣,适用年纪8+岁,499.00,103,14,无
乐高5月新品悟空小侠系列80008悟空小侠云霄战机孙悟空齐天大圣,适用年纪8+岁,499.00,223,6,无
乐高旗舰店官网6月新品机械组42107杜卡迪 Ducati Panigale V4 R,,599.00,80,1,无
乐高旗舰店官网悟空小侠系列80012孙悟空齐天大圣黄金机甲,适用年龄10+岁,1299.00,4765,720,无
乐高旗舰店官网5月新品悟空小侠系列80006龙小骄飞车玩具积木,适用年纪6+岁,299.00,66,3,无
乐高旗舰店官网悟空小侠系列80012孙悟空齐天大圣黄金机甲,适用年龄10+岁,1299.00,895,162,无
乐高旗舰店官网5月新品悟空小侠系列80009猪大厨移动钉耙车玩具,适用年纪8+岁,599.00,77,13,无
乐高5月新品悟空小侠系列80009猪大厨移动钉耙车,适用年纪8+岁,599.00,1549,237,无
乐高旗舰店官网5月新品悟空小侠系列80011红孩儿邪火战车玩具积木,适用年纪9+岁,999.00,0,0,无
乐高旗舰店官网6月新品城市组60264海洋探索潜水艇玩具积木,适用年纪5+岁,299.00,22,0,无
乐高旗舰店官网6月新品DOTs系列41901别致的动物手环玩具积木,,59.00,7,0,无
乐高旗舰店官网6月新品DOTs系列41902耀眼的独角兽手环玩具积木,适用年纪6+岁,59.00,3,0,无
乐高旗舰店官网6月新品城市组60265海洋探险基地玩具积木,适用年纪6+岁,599.00,5,0,无
乐高旗舰店官网6月新品43180美女与野兽贝儿的冬季城堡庆典积木,适用年纪4+岁,499.00,1,0,无
【预售】乐高旗舰店官网10875智能货运火遥控轨道车大颗粒积木,适用年龄范围：2-5岁,1099.00,无,0,10875智能货运火车
【预售】乐高旗舰店官网10261大型过山车积木成人送礼,适用年龄范围：16+岁,3829.00,无,0,无
【预售】乐高旗舰店官网Ideas系列21320恐龙化石男女孩玩具礼物,适用年龄16岁+,759.00,无,0,无
【预售】乐高旗舰店官网创意百变高手系列10258伦敦巴士,适用年龄范围 16+岁,1399.00,无,0,10258 伦敦巴士
【预售】乐高旗舰店官网超级赛车系列76899兰博基尼男孩玩具送礼,,759.00,无,0,无
【预售】乐高旗舰店官网城市组60226火星探测航天飞机,适用年龄5+岁,299.00,无,0,无
【预售】乐高旗舰店得宝系列10887自由创意趣玩箱积木,,309.00,无,0,无
【预售】乐高旗舰店官网城市组60243警用直升机大追击积木玩具,适用年龄5+,299.00,无,0,无
【预售】乐高旗舰店官网10914豪华缤纷桶大颗粒益智儿童积木玩具,适用年龄1.5岁+,499.00,无,0,无
【预售】乐高旗舰店官网21318树屋玩具积木成人送礼,适应年龄16+,2159.00,无,0,无
中国经典英雄新品-全系列套装,适用年纪8+岁,6542.00,23,6,无
乐高旗舰店官网6月新品DOTs系列41900彩虹手环玩具积木,适用年纪6+岁,59.00,11,0,无
乐高旗舰店官网6月新品城市组60262客运飞机玩具积木,适用年纪6+岁,999.00,9,0,无
乐高旗舰店官网6月新品城市组60261中心机场玩具积木,适用年纪4+岁,499.00,4,0,无
乐高旗舰店官网6月新品城市组60266海洋探险巨轮玩具积木,适用年纪7+岁,1199.00,5,0,无
乐高旗舰店官网6月新品DOTs系列41905彩虹首饰架玩具积木,适用年纪6+岁,149.00,13,0,无
【预售】乐高旗舰店官网创意百变高手系列 10256 泰姬陵积木玩具,适用年龄范围：14+岁,3829.00,无,0,泰姬陵
【预售】乐高旗舰店官网悟空小侠系列80012齐天大圣黄金机甲,适用年龄10+岁,1629.00,无,0,无
【预售】乐高旗舰店官网60216城市消防救援队男女孩儿童玩具积木,适合6+岁,899.00,无,0,无
【预售】乐高42099RCX-treme遥控越野车玩具积木车模送礼,适用年龄11+,1999.00,无,0,无
【预售】乐高旗舰店官网10907环球动物大颗粒益智儿童积木,适用年龄范围 2+,789.00,无,0,无
【预售】乐高旗舰店官网悟空小侠系列80007魔王暗黑机甲玩具积木,适用年纪7+岁,549.00,无,0,无
【预售】乐高旗舰店官网创意百变系列 10262 DB5跑车,适用年龄范围：16+岁,1779.00,无,0,无
【预售】乐高旗舰店官网10269哈雷戴维森®肥仔®摩托车,适用年龄范围：16+岁,1249.00,无,0,无
【预售】乐高旗舰店官网5月新品悟空小侠系列80010牛魔王烈火机甲,适用年纪9+岁,979.00,无,0,无
【预售】乐高旗舰店官网41366奥莉薇亚的草莓蛋糕咖啡店,适合6+岁,269.00,无,0,无
【预售】乐高2020年新品建筑系列21051东京天际线积木,适用年龄16+,759.00,无,0,无
【预售】乐高旗舰店官网幻影忍者系列 71699 雷霆突击战车,适用年龄8岁+,499.00,无,0,无
【预售】乐高旗舰店官网60227月球空间站男女孩积木玩具,适用年龄6+岁,469.00,无,0,无
【预售】乐高42096保时捷911RSR赛车成人送礼收藏车模,适合10+岁,1399.00,无,0,无
【预售】乐高旗舰店官网悟空小侠系列80013万能海上基地玩具积木,适用年纪10+岁,1999.00,无,0,无
乐高旗舰店官网城市组弯道与十字路口60237LEGO玩具积木,适合年龄范围5+,99.00,3,0,无
乐高旗舰店官网城市组直道与丁字路口60236LEGO玩具积木,适合年龄5岁+,99.00,0,0,无
乐高旗舰店官网41374安德里亚的泳池派对女孩玩具积木,适用年龄6+,549.00,0,0,无
乐高旗舰店官网机械组42083Bugatti积木玩具儿童成人收藏送礼车模,适用年龄范围 16岁+,3499.00,3,0,42083
乐高旗舰店官网机械组42110路虎卫士越野车,适用年龄11+,1999.00,0,0,无
乐高旗舰店官网2020年新品10266NASA阿波罗11号登月舱成人收藏,,1119.00,0,0,无
乐高旗舰店官网机械组42100利勃海尔挖掘机成人送礼收藏高难度,适用年龄12+,3799.00,0,0,无
乐高旗舰店官网迪士尼公主41167阿伦戴尔城堡村庄LEGO积木玩具,适用年龄5+,899.00,0,0,无
乐高旗舰店官网6月新品DOTs系列41914创意相框玩具积木,适用年纪6+岁,199.00,7,0,无
乐高旗舰店官网6月新品DOTs系列41919力量手环玩具积木,适用年纪6+岁,59.00,4,0,无
乐高旗舰店官网6月新品得宝系列10924闪电麦昆的赛车日玩具积木,适用年纪2+岁,299.00,9,0,无
乐高旗舰店官网6月新品得宝系列10932吊球起重机套装玩具积木,适用年纪2+岁,599.00,3,0,无
乐高旗舰店官网6月新品城市组60263迷你海洋潜艇玩具积木,适用年纪4+岁,99.00,24,0,无
乐高旗舰店官网6月新品DOTs系列41903宇宙奇观手环玩具积木,适用年纪6+岁,59.00,6,0,无
【预售】乐高旗舰店官网42111Dom'sDodgeCharger道奇Charger,适用年纪 10+岁,1249.00,无,0,无
【预售】乐高旗舰店官网42095遥控特技赛车儿童玩具积木送礼收藏,适合9+岁,759.00,无,0,无
【预售】乐高旗舰店幻影忍者系列70676劳埃德的泰坦机甲积木,适用年龄范围9+岁,799.00,无,0,无
【预售】乐高旗舰店官网10266NASA阿波罗11号登月舱成人收藏,适用年龄16+,1249.00,无,0,无
【预售】乐高旗舰店官网60139移动指挥中心儿童男孩益智积木玩具,适用年龄范围 6-12岁,349.00,无,0,无
【预售】乐高旗舰店官网60215消防局男女孩儿童益智玩具积木送礼,适合5+岁,549.00,无,0,无
【预售】乐高旗舰店官网41395友谊巴士男女孩积木玩具送礼汽车,适用年龄8+,699.00,无,0,无
【预售】乐高旗舰店官网2020年新品幻影忍者系列71702黄金机甲,,419.00,无,0,无
【预售】乐高旗舰店官网10929梦想之家大颗粒益智儿童积木玩具,适用年龄2岁+,599.00,无,0,无
【预售】乐高旗舰店官网42083Bugatti积木玩具成人收藏送礼车模,适用年龄范围 16岁+,3499.00,无,0,42083 Bugatti Chiron
【预售】高旗舰店官网迪士尼公主系列43172艾莎的魔法冰雪城堡,适用年龄6+岁,799.00,无,0,无
【预售】乐高旗舰店官网41393烘焙大赛女孩过家家积木玩具送礼,适用年龄6+,419.00,无,0,无
【预售】乐高旗舰店官网10874智能蒸汽火车遥控轨道大颗粒益智车,适用年龄范围：2-5岁,549.00,无,0,10874蒸汽智能火车
【预售】乐高5月新品悟空小侠系列80009猪大厨移动钉耙车,,759.00,无,0,无
【预售】乐高旗舰店官网Ideas系列21317汽船威利玩具,适用年龄范围 10+,1139.00,无,0,无
【预售】乐高旗舰店官网75192豪华千年隼积木成人收藏高难度,适用年龄范围：16岁+,9469.00,无,0,75192 豪华千年隼
乐高旗舰店官网6月新品DOTs系列41913豪华装手环玩具积木,适用年纪6+岁,249.00,9,0,无
乐高旗舰店官网10929梦想之家大颗粒益智儿童积木玩具,适用年龄2岁+,599.00,48,3,无
乐高旗舰店官网88000动力功能AAA电池盒LEGO积木玩具,适用年龄范围：7+,139.00,0,0,88000动力功能
乐高旗舰店官网2020年新品88010遥控器 玩具积木,适用年龄7岁+,229.00,1,0,无
乐高旗舰店官网6月新品创意百变组31109海盗船玩具积木,适用年纪9+岁,1099.00,3,0,无
乐高旗舰店官网6月新品好朋友系列41422熊猫丛林树屋玩具积木,适用年纪7+岁,299.00,5,1,无
乐高旗舰店官网6月新品幻影忍者系列70685寇的幻影旋转陀螺积木,适用年纪7+岁,99.00,9,0,无
乐高旗舰店官网6月新品幻影忍者系列71703风暴战机之战玩具积木,适用年纪4+岁,299.00,1,0,无
乐高旗舰店官网6月新品幻影忍者系列71719赞的米诺巨兽玩具积木,适用年纪8+岁,499.00,9,0,无
乐高旗舰店官网6月新品幻影忍者系列71722骷髅巫师的地牢玩具积木,适用年纪9+岁,999.00,4,0,无
【预售】乐高旗舰店城市组太空60228深空火箭发射控制中心,适用年龄7+岁,899.00,无,0,无
【预售】乐高哈利波特系列75954霍格沃茨城堡玩具积木,适用年龄范围：9-14岁,1199.00,无,0,无
乐高哈利波特系列霍格沃茨城堡71043成人收藏,适用年龄范围：16+岁,3999.00,134,511,71043 霍格沃兹城堡
乐高旗舰店Ideas系列21319中央咖啡厅老友记收藏送礼,适用年龄16岁+,699.00,449,1299,无
乐高旗舰店官网2020年新品10269 哈雷戴维森®肥仔®摩托车成人收藏,,999.00,267,509,无
乐高旗舰店官网2020年新品Ideas系列21320恐龙化石男女孩玩具礼物,,599.00,358,524,无
乐高旗舰店官网10874智能蒸汽火车遥控轨道大颗粒益智积木玩具,适用年龄范围：2-5岁,549.00,807,2884,10874蒸汽智能火车
乐高旗舰店官网幻影忍者系列 71699 雷霆突击战车,适用年龄8岁+,499.00,548,325,无
乐高旗舰店官网Ideas系列21317汽船威利玩具积木收藏送礼积木玩具,适用年龄范围 10+,899.00,214,850,无
乐高旗舰店官网2020年新品 机械组42109Top Gear拉力赛车积木玩具,适用年龄9+,1199.00,130,260,无
